date,player,bet,win,x,game,provider,videoUrl,thumb,tags
18.11.2024,Moses,"0,40€","307,48 €","768,7",Zombie Rabbit Invasion,Massive Studios,
06.11.2024,Moses,"0,20€","196,04 €","980,2",Zombie Rabbit Invasion,Massive Studios,
08.12.2024,Moses,"0,40€","115,48 €","288,7",Zombie Rabbit Invasion,Massive Studios,
25.12.2023,Robin,"0,70€","1.283,38 €","1833,4",Zeus vs Hades: Gods of War,Pragmatic Play,https://fkivsk.hrqhregkxq.net/5pX79RIXpu,assets/img/zvh.avif
24.12.2023,Planki,"1,00€","1.255,20 €","1255,2",Zeus vs Hades: Gods of War,Pragmatic Play,https://global.cdn4cloud.net/7gVKkwnvU6,assets/img/zvh.avif
15.02.2024,Leks,"0,30€","1.212,00 €","4040,0",Zeus vs Hades: Gods of War,Pragmatic Play,
24.12.2023,Planki,"1,00€","541,20 €","541,2",Zeus vs Hades: Gods of War,Pragmatic Play,
28.01.2024,Leks,"1,00€","512,00 €","512,0",Zeus vs Hades: Gods of War,Pragmatic Play,
15.01.2024,Planki,"0,60€","478,20 €","797,0",Zeus vs Hades: Gods of War,Pragmatic Play,https://global.cdn4cloud.net/dBd91R5K6z,assets/img/zvh.avif
02.10.2024,Robin,"0,10€","312,65 €","3126,5",Zeus vs Hades: Gods of War,Pragmatic Play,
07.02.2024,Moses,"0,20€","262,82 €","1314,0",Zeus vs Hades: Gods of War,Pragmatic Play,https://fkivsk.hrqhregkxq.net/D3Th9AOPux,assets/img/zvh.avif
28.01.2024,Leks,"0,80€","243,76 €","195,0",Zeus vs Hades: Gods of War,Pragmatic Play,
25.12.2023,Robin,"0,40€","198,48 €","496,2",Zeus vs Hades: Gods of War,Pragmatic Play,https://replay.pragmaticplay.net/f0EDGn5qnU,assets/img/zvh.avif
25.12.2023,Robin,"0,20€","150,40 €","752,0",Zeus vs Hades: Gods of War,Pragmatic Play,https://replay.pragmaticplay.net/LzZB9jatcT,assets/img/zvh.avif
03.01.2023,Robin,"0,20€","128,04 €","640,2",Zeus vs Hades: Gods of War,Pragmatic Play,https://replay.pragmaticplay.net/GZcNBMn879,assets/img/zvh.avif
28.07.2024,Planki,"0,10€","123,54 €","1235,4",Zeus vs Hades: Gods of War,Pragmatic Play,https://fkivsk.hrqhregkxq.net/U7F51Linbo,assets/img/zvh.avif
02.09.2024,Moses,"0,20€","114,90 €","574,5",Zeus vs Hades: Gods of War,Pragmatic Play,
02.09.2024,Moses,"0,20€","113,91 €","569,6",Zeus vs Hades: Gods of War,Pragmatic Play,
17.09.2024,Moses,"0,60€","469,20 €","782,0",Ze Zeus,Hacksaw Gaming,
02.09.2024,Moses,"0,20€","130,86 €","654,3",Ze Zeus,Hacksaw Gaming, https://replay.hacksawgaming.com/?roundid=13471805855&partner=745&language=de,assets/img/zzeus.avif
14.01.2025,Moses,"0,06€","435,47 €","7257,8",xWays Hoarder xSplit 2,Nolimit City,
14.01.2024,Moses,"0,20€","179,68 €","898,4",xWays Hoarder xSplit 2,Nolimit City,
10.12.2024,Moses,"0,06€","349,22 €","5820,3",xWays Hoarder xSplit,Nolimit City,
08.12.2024,Moses,"0,16€","307,33 €","1920,8",xWays Hoarder xSplit,Nolimit City,
29.03.2024,Robin,"0,20€","178,00 €","890,0",xWays Hoarder xSplit,Nolimit City,
07.12.2024,Planki,"0,40€","454,46 €","1136,15",Xmas Drop,Hacksaw Gaming,
08.12.2024,Moses,"1,00€","354,60 €","354,6",Xmas Drop,Hacksaw Gaming,
25.11.2024,Moses,"0,40€","105,72 €","264,3",Xmas Drop,Hacksaw Gaming,
22.06.2024,Robin,"2,80€","1.199,80 €","428,5",Wisdom of Athena 1000,Pragmatic Play,https://www.pplink.social/0wK87WC8Fc,assets/img/woa.avif
21.06.2025,Robin,"4,00€","799,40€","199,85",Wisdom of Athena 1000,Pragmatic Play,https://www.pplink.social/a4fm8QSpOe,assets/img/woa.avif
25.06.2025,Robin,"4,00€","461,80€","115,45",Wisdom of Athena 1000,Pragmatic Play,https://www.pplink.social/PRs4Czfo5t,assets/img/woa.avif
21.06.2025,Robin,"6,00€","453,60€","75,6",Wisdom of Athena 1000,Pragmatic Play,https://www.pplink.social/RnMOKlROFO,assets/img/woa.avif
21.06.2025,Robin,"2,80€","381,08€","136,1",Wisdom of Athena 1000,Pragmatic Play,https://www.pplink.social/MhORgeWqNO,assets/img/woa.avif
30.10.2024,Robin,"1,00€","163,20 €","163,2",Wisdom of Athena 1000,Pragmatic Play,
02.09.2024,Robin,"0,20€","168,58 €","842,9",Wisdom of Athena,Pragmatic Play,
10.12.2024,Moses,"0,50€","810,30 €","1620,6",Wings of Horus,Hacksaw Gaming,
13.04.2025,Moses,"1,40€","409,08 €","292,2",Wings of Horus,Hacksaw Gaming,
11.09.2025,Moses,"1,00€","2.958,70 €","2958,7",Wanted Dead or a Wild,Hacksaw Gaming,https://www.youtube.com/watch?v=CVfPqPZWMco,assets/img/wanted.avif
10.12.2024,Moses,"1,20€","2.262,50 €","1885,4",Wanted Dead or a Wild,Hacksaw Gaming,
14.09.2025,Domi,"0,40€","2.080,08 €","5200,2",Wanted Dead or a Wild,Hacksaw Gaming,
01.03.2025,Moses,"1,00€","1.968,80 €","1968,8",Wanted Dead or a Wild,Hacksaw Gaming,
13.04.2025,Moses,"5,00€","1.968,00 €","393,6",Wanted Dead or a Wild,Hacksaw Gaming,
11.11.2023,Moses,"0,40€","1.700,00 €","4250,0",Wanted Dead or a Wild,Hacksaw Gaming,
08.12.2024,Moses,"1,20€","1.676,04 €","1396,7",Wanted Dead or a Wild,Hacksaw Gaming,
13.04.2025,Moses,"1,80€","1.476,00 €","820,0",Wanted Dead or a Wild,Hacksaw Gaming,
30.11.2024,Moses,"0,20€","1.370,96 €","6854,8",Wanted Dead or a Wild,Hacksaw Gaming,
19.04.2025,Moses,"0,60€","768,80 €","1281,3",Wanted Dead or a Wild,Hacksaw Gaming,
19.04.2025,Moses,"0,60€","760,63 €","1267,7",Wanted Dead or a Wild,Hacksaw Gaming,
02.09.2024,Planki,"0,60€","759,30 €","1265,5",Wanted Dead or a Wild,Hacksaw Gaming,https://replay.hacksawgaming.com/?roundid=13475611282&partner=745&language=de,assets/img/wanted.avif
03.07.2025,Planki,"0,20€","718,90 €","3594,5",Wanted Dead or a Wild,Hacksaw Gaming,https://replay.hacksawgaming.com/?roundid=12006206269972&partner=2942&language=de-de&channel=desktop,assets/img/wanted.avif
06.11.2024,Moses,"1,00€","713,10 €","713,1",Wanted Dead or a Wild,Hacksaw Gaming,
14.09.2025,Planki,"0,60€","625,02 €","1041,7",Wanted Dead or a Wild,Hacksaw Gaming,https://dhh68l6ktxf70.cloudfront.net/replay-manager/?roundid=12007437669683&partner=2942&language=de-de&channel=desktop,assets/img/wanted.avif
05.09.2025,Robin,"0,40€","623,08€","1557,7",Wanted Dead or a Wild,Hacksaw Gaming,https://replay.hacksawgaming.com/?roundid=21895584054&partner=745&language=de-de&channel=desktop,assets/img/wanted.avif
13.04.2025,Moses,"1,00€","586,50 €","586,5",Wanted Dead or a Wild,Hacksaw Gaming,
08.12.2024,Moses,"1,00€","582,20 €","582,2",Wanted Dead or a Wild,Hacksaw Gaming,
13.05.2025,Moses,"0,60€","568,20 €","947,0",Wanted Dead or a Wild,Hacksaw Gaming,
10.08.2024,Planki,"0,20€","485,04 €","2425,2",Wanted Dead or a Wild,Hacksaw Gaming,https://replay.hacksawgaming.com/?roundid=12000944048728&partner=2942&language=de,assets/img/wanted.avif
12.07.2025,Planki,"0,40€","472,50 €","2362,5",Wanted Dead or a Wild,Hacksaw Gaming,https://replay.hacksawgaming.com/?roundid=12006354333621&partner=2942&language=de-de&channel=desktop,assets/img/wanted.avif
10.12.2024,Moses,"0,40€","468,48 €","1171,2",Wanted Dead or a Wild,Hacksaw Gaming,
29.05.2025,Planki,"0,40€","441,82 €","2209,1",Wanted Dead or a Wild,Hacksaw Gaming,https://replay.hacksawgaming.com/?roundid=12005589146961&partner=2942&language=de-de&channel=desktop,assets/img/wanted.avif
09.09.2024,Moses,"0,20€","411,52 €","2057,6",Wanted Dead or a Wild,Hacksaw Gaming,
05.09.2025,Robin,"0,20€","406,12€","2030,6",Wanted Dead or a Wild,Hacksaw Gaming,https://replay.hacksawgaming.com/?roundid=21894304940&partner=745&language=de-de&channel=desktop,assets/img/wanted.avif
10.12.2024,Moses,"0,40€","403,60 €","1009,0",Wanted Dead or a Wild,Hacksaw Gaming,
12.03.2025,Moses,"1,00€","385,40 €","385,4",Wanted Dead or a Wild,Hacksaw Gaming,
04.11.2024,Moses,"1,00€","376,00 €","376,0",Wanted Dead or a Wild,Hacksaw Gaming,
08.12.2024,Moses,"1,00€","362,20 €","362,2",Wanted Dead or a Wild,Hacksaw Gaming,
29.11.2024,Robin,"0,10€","357,20 €","3572,0",Wanted Dead or a Wild,Hacksaw Gaming,
09.09.2024,Planki,"0,20€","354,80 €","1947,0",Wanted Dead or a Wild,Hacksaw Gaming,https://replay.hacksawgaming.com/?roundid=12001299833104&partner=2942&language=de,assets/img/wanted.avif
02.10.2024,Robin,"0,11€","349,28 €","3175,3",Wanted Dead or a Wild,Hacksaw Gaming,https://replay.hacksawgaming.com/?roundid=4005965596950&partner=1365&language=en&channel=desktop,assets/img/wanted.avif
08.04.2025,Robin,"0,20€","341,88 €","1709,4",Wanted Dead or a Wild,Hacksaw Gaming,
06.09.2024,Planki,"0,20€","339,60 €","1698,0",Wanted Dead or a Wild,Hacksaw Gaming,https://replay.hacksawgaming.com/?roundid=12001258402224&partner=2942&language=de,assets/img/wanted.avif
25.10.2024,Planki,"0,20€","317,34 €","1586,7",Wanted Dead or a Wild,Hacksaw Gaming,
12.09.2025,Domi,"0,20€","311,74 €","1558,7",Wanted Dead or a Wild,Hacksaw Gaming,
07.04.2024,Moses,"0,20€","311,00 €","1555,0",Wanted Dead or a Wild,Hacksaw Gaming,https://replay.hacksawgaming.com/?roundid=1006690616240&partner=676&language=de,assets/img/wanted.avif
22.07.2024,Robin,"0,20€","280,32 €","1401,6",Wanted Dead or a Wild,Hacksaw Gaming,https://replay.hacksawgaming.com/?roundid=12569204292&partner=745&language=de,assets/img/wanted.avif
29.08.2025,Domi,"0,20€","275,69 €","1378,5",Wanted Dead or a Wild,Hacksaw Gaming,
18.07.2024,Robin,"0,20€","271,68 €","1358,4",Wanted Dead or a Wild,Hacksaw Gaming,
08.12.2024,Moses,"1,00€","264,50 €","264,5",Wanted Dead or a Wild,Hacksaw Gaming,
09.09.2024,Robin,"0,20€","262,80 €","1314,0",Wanted Dead or a Wild,Hacksaw Gaming,
18.03.2024,Robin,"0,20€","253,00 €","1265,0",Wanted Dead or a Wild,Hacksaw Gaming,
10.12.2024,Moses,"1,00€","235,64 €","235,6",Wanted Dead or a Wild,Hacksaw Gaming,
17.11.2024,Moses,"0,20€","231,54 €","1157,7",Wanted Dead or a Wild,Hacksaw Gaming,
18.03.2024,Robin,"0,20€","219,56 €","1097,8",Wanted Dead or a Wild,Hacksaw Gaming,
19.04.2025,Moses,"0,12€","206,56 €","1721,3",Wanted Dead or a Wild,Hacksaw Gaming,
06.09.2024,Robin,"0,20€","204,64 €","1023,2",Wanted Dead or a Wild,Hacksaw Gaming,https://replay.hacksawgaming.com/?roundid=13561566600&partner=745&language=de,assets/img/wanted.avif
09.11.2024,Moses,"0,20€","193,40 €","967,0",Wanted Dead or a Wild,Hacksaw Gaming,
31.08.2025,Planki,"0,20€","187,76 €","938,8",Wanted Dead or a Wild,Hacksaw Gaming,https://dhh68l6ktxf70.cloudfront.net/replay-manager/?roundid=12007204057685&partner=2942&language=de-de&channel=desktop,assets/img/wanted.avif
24.12.2024,Robin,"0,12€","187,28 €","1560,7",Wanted Dead or a Wild,Hacksaw Gaming,
18.11.2024,Moses,"0,20€","184,00 €","920,0",Wanted Dead or a Wild,Hacksaw Gaming,
10.07.2024,Robin,"0,20€","183,90 €","919,5",Wanted Dead or a Wild,Hacksaw Gaming,https://replay.hacksawgaming.com/?roundid=12327493130&partner=745&language=de,assets/img/wanted.avif
27.03.2025,Moses,"0,20€","179,28 €","896,4",Wanted Dead or a Wild,Hacksaw Gaming,
11.09.2025,Moses,"1,00€","179,00 €","179,0",wanted Dead or a Wild,Hacksaw Gaming,
13.09.2023,Planki,"0,20€","176,40 €","882,0",Wanted Dead or a Wild,Hacksaw Gaming,
13.09.2024,Planki,"0,20€","176,40 €","882,0",Wanted Dead or a Wild,Hacksaw Gaming,https://replay.hacksawgaming.com/?roundid=1007360670132&partner=7&language=de,assets/img/wanted.avif
12.07.2024,Robin,"0,20€","176,00 €","880,0",Wanted Dead or a Wild,Hacksaw Gaming,
10.12.2024,Moses,"0,20€","150,70 €","753,5",Wanted Dead or a Wild,Hacksaw Gaming,
18.07.2024,Robin,"0,20€","142,20 €","711,0",Wanted Dead or a Wild,Hacksaw Gaming,https://replay.hacksawgaming.com/?roundid=12474674628&partner=745&language=de,assets/img/wanted.avif
14.01.2025,Moses,"0,06€","137,70 €","2295,0",Wanted Dead or a Wild,Hacksaw Gaming,
26.12.2024,Moses,"0,12€","129,14 €","1076,2",Wanted Dead or a Wild,Hacksaw Gaming,
07.12.2024,Moses,"0,40€","127,32 €","318,3",Wanted Dead or a Wild,Hacksaw Gaming,
08.09.2024,Simon,"0,12€","120,07 €","1000,6",Wanted Dead or a Wild,Hacksaw Gaming,
05.03.2025,Moses,"0,40€","119,26 €","298,2",Wanted Dead or a Wild,Hacksaw Gaming,
18.11.2024,Moses,"0,40€","118,64 €","296,6",Wanted Dead or a Wild,Hacksaw Gaming,
23.07.2024,Robin,"0,20€","115,50 €","577,5",Wanted Dead or a Wild,Hacksaw Gaming,https://replay.hacksawgaming.com/?roundid=12585068109&partner=745&language=de,assets/img/wanted.avif
08.12.2024,Moses,"1,20€","114,48 €","95,4",Wanted Dead or a Wild,Hacksaw Gaming,
12.04.2024,Moses,"0,20€","113,22 €","566,1",Wanted Dead or a Wild,Hacksaw Gaming,
17.12.2024,Moses,"0,20€","106,40 €","532,0",Wanted Dead or a Wild,Hacksaw Gaming,
14.03.2025,Moses,"0,60€","178,68 €","297,8",Vending Machine,Hacksaw Gaming,
13.04.2025,Moses,"0,40€","215,44 €","538,6",Tropicool 4,Elk Studios,
14.03.2025,Moses,"1,00€","335,00 €","335,0",Triple Pot Gold,Pragmatic Play,
06.02.2025,Robin,"0,10€","1.502,28 €","15022,8",Tombstone Slaughter: El Gordo,Nolimit City,https://nolimitcity.com/replay/zohugahaponiraheyakumudutepotagikibegezuwonubawogo?device=desktop&language=de&replayId=zohugahaponiraheyakumudutepotagikibegezuwonubawogo,assets/img/tseg.avif
07.02.2025,Robin,"0,10€","818,70 €","8187,0",Tombstone Slaughter: El Gordo,Nolimit City,https://nolimitcity.com/replay/zohugahaponiraheyakumudutuyatosugatukaponoyotazea?device=desktop&language=de&replayId=zohugahaponiraheyakumudutuyatosugatukaponoyotazea,assets/img/tseg.avif
05.02.2025,Robin,"0,02€","325,25 €","16262,5",Tombstone Slaughter: El Gordo,Nolimit City,https://nolimitcity.com/replay/zohugahaponiraheyakumudutesatudakutoukokoyagozobo?device=desktop&language=de&replayId=zohugahaponiraheyakumudutesatudakutoukokoyagozobo,assets/img/tseg.avif
05.02.2025,Robin,"0,02€","290,15 €","14507,5",Tombstone Slaughter: El Gordo,Nolimit City,https://nolimitcity.com/replay/zohugahaponiraheyakumudutesakutokaihizezahigigao?device=desktop&language=de&replayId=zohugahaponiraheyakumudutesakutokaihizezahigigao,assets/img/tseg.avif
05.02.2025,Robin,"0,02€","278,89 €","13944,5",Tombstone Slaughter: El Gordo,Nolimit City,https://nolimitcity.com/replay/zohugahaponiraheyakumudutesizeheroyuzasuyugudesia?device=desktop&language=de&replayId=zohugahaponiraheyakumudutesizeheroyuzasuyugudesia,assets/img/tseg.avif
06.02.2025,Robin,"0,02€","269,45 €","13472,5",Tombstone Slaughter: El Gordo,Nolimit City,https://nolimitcity.com/replay/zohugahaponiraheyakumudutemugazorahubozusokabuzemo?device=desktop&language=de&replayId=zohugahaponiraheyakumudutemugazorahubozusokabuzemo,assets/img/tseg.avif
23.01.2025,Robin,"0,02€","203,11 €","10155,5",Tombstone Slaughter: El Gordo,Nolimit City,https://nolimitcity.com/replay/zohugahaponiraheyakumudunanimimiguterubipazetipaza?device=desktop&language=de&fromGame=true,assets/img/tseg.avif
07.02.2025,Robin,"0,02€","193,66 €","9683,0",Tombstone Slaughter: El Gordo,Nolimit City,https://nolimitcity.com/replay/zohugahaponiraheyakumudutuyanumaedegoterodapumuzi?device=desktop&language=de&replayId=zohugahaponiraheyakumudutuyanumaedegoterodapumuzi,assets/img/tseg.avif
07.02.2025,Robin,"0,02€","193,66 €","9683,0",Tombstone Slaughter: El Gordo,Nolimit City,https://nolimitcity.com/replay/zohugahaponiraheyakumudunanisiwapiusoniedegerute?device=desktop&language=de&replayId=zohugahaponiraheyakumudunanisiwapiusoniedegerute,assets/img/tseg.avif
07.02.2025,Robin,"0,02€","176,45 €","8822,5",Tombstone Slaughter: El Gordo,Nolimit City,https://nolimitcity.com/replay/zohugahaponiraheyakumudutuyaerasazoyugoripitobero?device=desktop&language=de&replayId=zohugahaponiraheyakumudutuyaerasazoyugoripitobero,assets/img/tseg.avif
30.01.2025,Planki,"0,20€","118,80 €","594,0",Tombstone Slaughter: El Gordo,Nolimit City,
13.04.2025,Moses,"0,03€","215,70 €","7190,0",Tombstone RIP: El Gordo,Nolimit City,
18.06.2025,Robin,"0,10€","2.288,66€","22886,6",Tombstone RIP,Nolimit City,https://nolimitcity.com/replay/zohugahaponiraheyakumuhiduburoderopomakuasizoyogi?device=desktop&language=de,assets/img/tsr.avif
22.06.2024,Robin,"0,10€","960,25 €","9602,5",Tombstone RIP,Nolimit City,https://nolimitcity.com/replay/zohugahaponiraheyakumuhidagisageporeteneebugusigi?device=desktop&language=de,assets/img/tsr.avif
13.04.2025,Moses,"0,20€","376,96 €","1884,8",Tombstone RIP,Nolimit City,
11.12.2024,Moses,"0,04€","306,57 €","8571,0",Tombstone RIP,Nolimit City,
07.12.2024,Moses,"0,10€","306,48 €","3064,8",Tombstone RIP,Nolimit City,
14.03.2025,Moses,"0,04€","276,25 €","6906,3",Tombstone RIP,Nolimit City,
14.03.2025,Moses,"0,04€","218,77 €","5469,3",Tombstone RIP,Nolimit City,
10.12.2024,Moses,"0,40€","176,87 €","442,2",Tombstone RIP,Nolimit City,
13.04.2025,Moses,"0,05€","166,39 €","3327,8",Tombstone RIP,Nolimit City,
14.03.2025,Moses,"0,04€","149,23 €","3730,8",Tombstone RIP,Nolimit City,
13.04.2025,Moses,"0,05€","123,83 €","2476,6",Tombstone RIP,Nolimit City,
13.04.2025,Moses,"0,05€","102,96 €","2059,2",Tombstone RIP,Nolimit City,
19.04.2025,Moses,"0,04€","189,56 €","4739,0",Tombstone Revenge: El Gordo,Nolimit City,
10.12.2024,Moses,"0,20€","554,16 €","2770,8",Tombstone No Mercy,Nolimit City,
04.11.2024,Moses,"0,30€","117,50 €","391,7",Thunder vs Underworld,Pragmatic Play,
17.11.2024,Moses,"0,25€","109,50 €","438,0",The Night Racing,Belatra,
08.04.2025,Robin,"0,40€","119,00 €","297,5",The Doghouse Multihold,Pragmatic Play,
08.04.2025,Robin,"0,60€","112,48 €","187,5",The Doghouse Megaways,Pragmatic Play,
04.11.2024,Moses,"1,60€","1.888,80 €","1180,5",The Dog House Megaways,Pragmatic Play,
08.12.2024,Moses,"0,20€","296,02 €","1480,1",Tanked,Nolimit City,
08.09.2024,Jonas,"0,10€","121,17 €","1211,7",Tai the Toad,Hacksaw Gaming,
10.09.2025,Domi,"2,00€","449,36 €","224,7",Sweet Bonanza 1000,Pragmatic Play,
05.09.2025,Robin,"0,60€","292,05€","486,75",Sweet Bonanza 1000,Pragmatic Play,https://www.pplink.social/d8ofpb755k,assets/img/sb1000.avif
05.09.2025,Robin,"0,20€","178,58€","892,9",Sweet Bonanza 1000,Pragmatic Play,https://www.pplink.social/8sMQpgcnrH,assets/img/sb1000.avif
22.06.2025,Robin,"1,00€","149,50€","149,5",Sweet Bonanza 1000,Pragmatic Play,https://www.pplink.social/PqutFaNzjd,assets/img/sb1000.avif
23.09.2024,Moses,"0,40€","137,36 €","343,4",Sumo Supreme Megaways,Pragmatic Play,
22.06.2024,Robin,"2,00€","4.395,40 €","2197,7",Sugar Rush 1000,Pragmatic Play,https://www.pplink.social/bRRKrjU4o7,assets/img/sr1000.avif
03.04.2025,Robin,"0,08€","987,36€",12342,Sugar Rush 1000,Pragmatic Play,https://www.pplink.social/bRRKrjU4o7,assets/img/sr1000.avif
16.03.2025,Moses,"0,20€","725,77 €","3628,9",Sugar Rush 1000,Pragmatic Play,
02.10.2024,Robin,"0,20€","230,32 €","1151,6",Sugar Rush 1000,Pragmatic Play,
06.09.2024,Robin,"0,12€","174,98 €","1458,2",Sugar Rush 1000,Pragmatic Play,
29.03.2025,Moses,"0,06€","120,58 €","2009,7",Sugar Rush 1000,Pragmatic Play,
31.08.2025,Planki,"0,20€","428,90 €","2144,5",Stormforged,Hacksaw Gaming,https://dhh68l6ktxf70.cloudfront.net/replay-manager/?roundid=12007203976682&partner=2942&language=de-de&channel=desktop,assets/img/storm.avif
13.04.2025,Moses,"0,40€","423,20 €","1058,0",Stormforged,Hacksaw Gaming,
10.12.2024,Moses,"0,60€","317,10 €","528,5",Stormforged,Hacksaw Gaming,
12.04.2024,Moses,"0,20€","311,66 €","1558,3",Stormforged,Hacksaw Gaming,
12.09.2025,Moses,"0,40€","283,32 €","708,3",Stormforged,Hacksaw Gaming,
29.08.2025,Domi,"0,40€","225,52 €","563,8",Stormforged,Hacksaw Gaming,
03.10.2024,Alex,"0,20€","215,98 €","1079,9",Stormforged,Hacksaw Gaming,
06.11.2024,Moses,"0,60€","190,58 €","317,6",Stormforged,Hacksaw Gaming,
14.09.2025,Domi,"0,80€","179,52 €","224,4",Stormforged,Hacksaw Gaming,
04.09.2025,Alex,"0,60€","151,98 €","253,3",Stormforged,Hacksaw Gaming,
11.09.2025,Moses,"0,40€","135,40 €","338,5",Stormforged,Hacksaw Gaming,
10.12.2024,Moses,"1,00€","134,20 €","134,2",Stormforged,Hacksaw Gaming,
19.01.2024,Robin,"0,10€","131,79 €","1317,9",Stormforged,Hacksaw Gaming,
04.09.2025,Alex,"0,40€","128,48 €","321,2",Stormforged,Hacksaw Gaming,
24.08.2024,Planki,"0,20€","256,04 €","1281,0",Stockholm Syndrom,Nolimit City,https://nolimitcity.com/replay/zohugahaponiraheyakumudeteyayowonogususasorarodabo?device=desktop&language=de&replayId=zohugahaponiraheyakumudeteyayowonogususasorarodabo,assets/img/shs.avif
25.08.2024,Planki,"0,20€","256,04 €","1280,2",Stockholm Syndrom,Nolimit City,https://nolimitcity.com/replay/zohugahaponiraheyakumudeteyayowonogususasorarodabo?device=desktop&language=de,assets/img/shs.avif
15.12.2024,Planki,"0,20€","224,00 €","1120,0",Stockholm Syndrom,Nolimit City,https://nolimitcity.com/replay/zohugahaponiraheyakumudeziunutomusereyuzotuinebu?device=desktop&language=de&replayId=zohugahaponiraheyakumudeziunutomusereyuzotuinebu,assets/img/shs.avif
08.12.2024,Moses,"2,00€","115,50 €","57,8",Sticky Bees,Pragmatic Play,
16.06.2024,Robin,"0,20€","976,40 €","4882,0",Starlight Princess 1000,Pragmatic Play,
19.07.2024,Robin,"0,40€","389,20 €","973,0",Starlight Princess 1000,Pragmatic Play,
24.09.2024,Moses,"0,20€","157,60 €","788,0",Starlight Princess 1000,Pragmatic Play,
13.05.2025,Moses,"0,60€","120,84 €","201,4",Starlight Princess 1000,Hacksaw Gaming,
11.03.2025,Moses,"0,40€","104,57 €","261,4",Slayers Inc,Hacksaw Gaming,
19.03.2025,Moses,"0,40€","104,04 €","260,1",Slayers Inc,Hacksaw Gaming,
17.11.2024,Moses,"0,20€","103,78 €","518,9",Slayers Inc,Hacksaw Gaming,
23.09.2024,Moses,"0,40€","760,08 €","1900,2",Skyship Raiders ,Twist Gaming,
12.09.2024,Planki,"1,50€","1.193,10 €","795,4",Sky Bounty,Pragmatic Play,https://fkivsk.hrqhregkxq.net/jMEfN9Ood7,assets/img/skyb.avif
03.02.2024,Moses,"0,25€","1.018,00 €","4072,0",Sky Bounty,Pragmatic Play,
30.08.2024,Planki,"0,25€","250,00 €","1000,0",Sky Bounty,Pragmatic Play,https://fkivsk.hrqhregkxq.net/JqN5kpKF7f,assets/img/skyb.avif
10.05.2024,Moses,"0,25€","199,24 €","797,0",Sky Bounty,Pragmatic Play,
08.12.2024,Moses,"0,12€","132,48 €","1104,0",Skate or Die,Nolimit City,
16.04.2025,Moses,"1,00€","2.500,00 €","2500,0",Six Six Six,Hacksaw Gaming,
08.12.2024,Moses,"1,00€","100,00 €","100,0",Six Six Six,Hacksaw Gaming,
08.12.2024,Moses,"0,80€","128,80 €","161,0",Shaolin Master,Hacksaw Gaming,
25.03.2024,Robin,"0,20€","144,90 €","724,5",Serial,Nolimit City,
08.04.2025,Robin,"1,20€","558,72 €","465,6",Santas Wonderland,Pragmatic Play,https://www.pplink.social/KqHAoetZup,assets/img/santa.avif
13.04.2025,Moses,"0,20€","1.127,12 €","5635,6",San Quentin 2,Nolimit City,
13.04.2025,Moses,"0,05€","884,54 €","17690,8",San Quentin 2,Nolimit City,
16.04.2025,Moses,"0,20€","640,18 €","3200,9",San Quentin 2,Nolimit City,
27.03.2025,Moses,"0,10€","537,56 €","5375,6",San Quentin 2,Nolimit City,
08.04.2025,Robin,"0,20€","510,09 €","2550,5",San Quentin 2,Nolimit City,
27.09.2024,Moses,"0,20€","448,36 €","2241,8",San Quentin 2,Nolimit City,https://nolimitcity.com/replay/zohugahaponiraheyakumudurikobahemenusubuzuniniwani?device=desktop&lan,assets/img/sq2.avif
30.12.2024,Robin,"0,02€","346,86 €",17343,San Quentin 2,Nolimit City,
10.12.2024,Moses,"0,06€","307,87 €","5131,2",San Quentin 2,Nolimit City,
04.09.2025,Alex,"0,20€","301,20 €","1506,0",San Quentin 2,Nolimit City,
04.11.2024,Moses,"0,20€","285,67 €","1428,4",San Quentin 2,Nolimit City,
28.03.2025,Robin,"0,06€","278,69 €","4644,8",San Quentin 2,Nolimit City,
08.12.2024,Moses,"0,20€","265,86 €","1329,3",San Quentin 2,Nolimit City,
13.04.2025,Moses,"0,10€","262,51 €","2625,1",San Quentin 2,Nolimit City,
14.03.2025,Moses,"0,06€","232,46 €","3874,3",San Quentin 2,Nolimit City,
08.12.2024,Moses,"0,20€","203,76 €","1018,8",San Quentin 2,Nolimit City,
05.11.2024,Moses,"0,20€","198,60 €","993,0",San Quentin 2,Nolimit City,
15.03.2025,Moses,"0,02€","146,09 €","7304,5",San Quentin 2,Nolimit City,
19.04.2025,Robin,"0,06€","134,26 €","2237,7",San Quentin 2,Nolimit City,
28.09.2024,Planki,"0,20€","128,04 €","640,2",San Quentin 2,Nolimit City,https://nolimitcity.com/replay/zohugahaponiraheyakumuduranizorametohuzumiamaumi?device=desktop&langu,assets/img/sq2.avif
13.04.2025,Moses,"0,20€","113,59 €","568,0",San Quentin 2,Nolimit City,
11.09.2025,Moses,"0,06€","112,03 €","1867,2",San Quentin 2,Nolimit City,
13.04.2025,Moses,"0,10€","110,03 €","1100,3",San Quentin 2,Nolimit City,
13.04.2025,Moses,"0,10€","106,03 €","1060,3",San Quentin 2,Nolimit City,
15.03.2025,Moses,"0,02€","288,52 €","14426,0",San Quentin ,Nolimit City,
05.11.2024,Moses,"0,20€","503,69 €","2518,5",San Quentin,Nolimit City,
29.01.2024,Moses,"0,40€","149,88 €","374,7",San Quentin,Nolimit City,
19.04.2025,Robin,"0,06€","141,57 €","2359,5",San Quentin,Nolimit City,
02.10.2024,Robin,"0,20€","122,07 €","610,4",San Quentin,Nolimit City,https://nolimitcity.com/replay/zohugahaponiraheyakumuduyugodeyuseoibosegayoruge?device=desktop&language=en&replayId=zohugahaponiraheyakumuduyugodeyuseoibosegayoruge,assets/img/sq.avif
08.12.2024,Moses,"0,80€","132,72 €","165,9",Rusty & Curly,Hacksaw Gaming,
10.12.2024,Moses,"0,10€","110,26 €","1102,6",Royal Potato 2,Relax Gaming,
19.04.2025,Moses,"1,20€","483,60 €","403,0",Rotten,Hacksaw Gaming,
13.04.2025,Moses,"0,40€","234,56 €","586,4",Rotten,Hacksaw Gaming,
12.09.2025,Moses,"0,60€","212,34 €","353,9",Rotten,Hacksaw Gaming,
19.04.2025,Moses,"0,40€","1.221,30 €","3053,3",Roosters Revenge,Massive Studios,
06.09.2024,Robin,"0,20€","388,60 €","1943,0",Roosters Revenge,Massive Studios,
02.09.2024,Moses,"0,20€","349,80 €","1749,0",Roosters Revenge,Massive Studios,
23.09.2024,Moses,"0,40€","176,48 €","441,2",Roosters Revenge,Massive Studios,
15.03.2025,Moses,"0,20€","146,05 €","730,3",Roosters Revenge,Massive Studios,
08.12.2024,Moses,"0,40€","155,38 €","388,5",Road Rage,Nolimit City,
13.04.2025,Moses,"1,00€","700,00 €","700,0",Rip City,Hacksaw Gaming,
13.11.2024,Jonas,"0,20€","196,54 €","982,7",Rip City,Hacksaw Gaming,
13.04.2025,Moses,"0,40€","120,00 €","300,0",Rip City,Hacksaw Gaming,
08.12.2024,Moses,"1,00€","325,00 €","325,0",Retro Tapes,Push Gaming,
13.04.2025,Moses,"0,20€","208,49 €","1042,5",Retro Tapes,Push Gaming,
30.10.2024,Robin,"0,10€","204,00 €","2040,0",Retro Tapes,Push Gaming,
30.10.2024,Robin,"0,10€","485,60 €","4856,0",Retro Sweets,Push Gaming,
12.03.2025,Moses,"1,00€","446,40 €","446,4",Retro Sweets,Push Gaming,
15.11.2024,Planki,"0,20€","180,00 €","900,0",Retro Sweets,Push Gaming,
17.09.2024,Robin,"0,10€","175,20 €","1752,0",Retro Sweets,Push Gaming,
12.03.2025,Moses,"1,00€","150,46 €","150,5",Retro Sweets,Push Gaming,
10.12.2024,Moses,"0,30€","141,90 €","473,0",Retro Sweets,Push Gaming,
13.09.2024,Planki,"0,40€","266,29 €","665,7",Remember the Gulag,Nolimit City,
04.11.2024,Moses,"0,20€","103,74 €","518,7",Remember the Gulag,Nolimit City,
08.09.2024,Moses,"0,20€","101,54 €","507,7",Remember the Gulag,Nolimit City,
13.04.2025,Moses,"0,10€","477,33 €","4773,3",Razor Returns,Push Gaming,
10.12.2024,Moses,"0,10€","314,48 €","3144,8",Razor Returns,Push Gaming,
06.11.2024,Moses,"0,10€","190,86 €","1908,6",Razor Returns,Push Gaming,
08.12.2024,Moses,"0,10€","160,98 €","1609,8",Razor Returns,Push Gaming,
08.12.2024,Moses,"0,10€","845,30 €","8453,0",Punk Rocker 2 ,Nolimit City,
08.12.2024,Moses,"0,06€","844,01 €","14158,0",Punk Rocker 2 ,Nolimit City,
16.07.2024,Robin,"0,20€","250,36 €","1251,8",Punk Rocker 2 ,Nolimit City,https://nolimitcity.com/replay/zohugahaponiraheyakumudehehoseneezegadudokasudutu?device=desktop&language=de,assets/img/pr2.avif
05.02.2025,Robin,"0,02€","231,24 €",11562,Punk Rocker 2 ,Nolimit City,
04.11.2024,Moses,"0,20€","214,61 €","1073,1",Punk Rocker 2 ,Nolimit City,
11.09.2025,Moses,"0,06€","174,85 €","2914,2",Punk Rocker 2 ,Nolimit City,
10.12.2024,Moses,"0,80€","145,80 €","182,3",Punk Rocker 2 ,Nolimit City,
16.07.2024,Robin,"0,20€","106,79 €","534,0",Punk Rocker 2 ,Nolimit City,
05.11.2024,Moses,"0,20€","205,54 €","1027,7",Pug Life,Hacksaw Gaming,
05.11.2024,Moses,"0,20€","198,32 €","991,6",Pug Life,Hacksaw Gaming,
10.12.2024,Moses,"0,20€","153,90 €","769,5",Pug Life,Hacksaw Gaming,
11.09.2025,Moses,"0,80€","112,16 €","140,2",Pug Life,Hacksaw Gaming,
31.05.2025,Planki,"0,20€","187,46 €","938,2",Pray for Three,Hacksaw Gaming,https://replay.hacksawgaming.com/?roundid=12005626044133&partner=2942&language=de-de&channel=desktop,assets/img/pf3.avif
14.09.2025,Planki,"0,20€","233,22 €","1166,1",Pompeii Megareels Megaways,Pragmatic Play,https://www.pplink.social/A5tnZwVRsX,assets/img/ppii.avif
09.09.2024,Planki,"0,30€","270,00 €","900,0",Pizza! Pizza? Pizza!,Pragmatic Play,https://fkivsk.hrqhregkxq.net/ZAkqccxLgo,assets/img/ppp.avif
14.09.2025,Moses,"1,00€","108,76€","108,76",Pixel Castle,Twist Gaming,
26.04.2025,Moses,"0,60€","208,20 €","347,0",Pixel Cafe,Twist Gaming,
13.09.2024,Planki,"0,60€","705,00 €","1175,0",Pirots 3,Elk Studios,
12.07.2024,Robin,"0,40€","478,40 €","1196,0",Pirots 2,Elk Studios,
13.05.2025,Moses,"1,00€","153,23 €","153,2",Pepperonis Pizza Plaza,,
10.12.2024,Moses,"0,06€","2.292,69 €","38211,5",Pearl Harbor,Nolimit City,
06.11.2024,Moses,"0,20€","155,60 €","778,0",Pearl Harbor,Nolimit City,
27.01.2025,Moses,"0,20€","437,12 €","2185,6",Outsourced,Nolimit City,
24.09.2024,Moses,"0,20€","170,60 €","853,0",Outsourced,Nolimit City,
19.04.2025,Moses,"1,20€","155,86 €","129,9",Outsourced,Nolimit City,
31.03.2025,Moses,"0,20€","145,81 €","729,1",Outsourced,Nolimit City,
13.04.2025,Moses,"2,00€","1.014,00 €","507,0",Octo Attack,Hacksaw Gaming,
19.04.2025,Moses,"0,80€","824,64 €","1030,8",Octo Attack,Hacksaw Gaming,
10.12.2024,Moses,"1,00€","676,90 €","676,9",Octo Attack,Hacksaw Gaming,
07.12.2024,Moses,"1,20€","281,40 €","234,5",Octo Attack,Hacksaw Gaming,
10.12.2024,Moses,"0,60€","177,24 €","295,4",Octo Attack,Hacksaw Gaming,
04.11.2024,Moses,"0,20€","126,06 €","630,3",Octo Attack,Hacksaw Gaming,
13.04.2025,Moses,"2,00€","109,40 €","54,7",Octo Attack,Hacksaw Gaming,
09.11.2024,Moses,"0,20€","191,80 €","959,0",Ninja Frog,Popi Play,
04.11.2024,Jonas,"0,20€","102,31 €","511,6",Nine to Five,Nolimit City,
04.11.2024,Moses,"0,60€","171,00 €","285,0",Mustang Trail,Pragmatic Play,
10.12.2024,Moses,"0,06€","367,32 €","6122,0",Munchies,Nolimit City,
05.12.2023,Robin,"0,20€","276,28 €","1381,4",Muertos Multiplier Megaways,Pragmatic Play,
28.07.2024,Planki,"0,20€","186,68 €","933,4",Muertos Multiplier Megaways,Pragmatic Play,https://fkivsk.hrqhregkxq.net/NxdcdCRz98,assets/img/mmm.avif
28.07.2024,Moses,"0,20€","186,68 €","933,4",Muertos Multiplier Megaways,Pragmatic Play,https://fkivsk.hrqhregkxq.net/NxdcdCRz98,assets/img/mmm.avif
14.09.2025,Domi,"3,20€","480,00€",150,Moster Superlanche,Pragmatic Play,
14.09.2025,Domi,"4,00€","560,80€","140,2",Monster Superlanche,Pragmatic Play,
24.10.2023,Robin,"0,20€","111,05 €","555,3",Monster Superlanche,Pragmatic Play,
05.11.2024,Moses,"0,20€","182,60 €","913,0",Misery Mining,Nolimit City,
27.03.2025,Moses,"0,06€","353,62 €","5893,7",Mental 2,Nolimit City,
13.04.2025,Moses,"0,40€","346,64 €","866,6",Mental 2,Nolimit City,
28.03.2025,Robin,"0,06€","335,54 €","5592,3",Mental 2,Nolimit City,
30.03.2025,Moses,"0,12€","227,01 €","1891,8",Mental 2,Nolimit City,
27.03.2025,Moses,"0,06€","201,74 €","3362,3",Mental 2,Nolimit City,
27.03.2025,Moses,"0,06€","140,10 €","2335,0",Mental 2,Nolimit City,
26.03.2025,Moses,"0,02€","134,17 €","6708,5",Mental 2,Nolimit City,
19.04.2025,Robin,"0,06€","103,56 €","1726,0",Mental 2,Nolimit City,
07.12.2024,Moses,"0,10€","2.209,13 €","22091,3",Mental,Nolimit City,
14.03.2025,Moses,"0,06€","838,47 €","13974,5",Mental,Nolimit City,
07.12.2024,Planki,"0,20€","812,00 €","4065,0",Mental,Nolimit City,https://nolimitcity.com/replay/zohugahaponiraheyakumudumarukumoubutodeturuesepu?device=desktop&language=de&replayId=zohugahaponiraheyakumudumarukumoubutodeturuesepu,assets/img/menatl.avif
11.12.2024,Moses,"0,07€","692,46 €","9680,0",Mental,Nolimit City,
30.03.2024,Planki,"1,40€","263,48 €","188,2",Mental,Nolimit City,https://nolimitcity.com/replay/ukibamuzusagisopubaradamupurutunopegokarororaziposokimime?device=desktop&language=de,assets/img/menatl.avif
13.04.2025,Moses,"0,60€","256,77 €","428,0",Mental,Nolimit City,
02.09.2024,Moses,"0,20€","242,80 €","1214,0",Mental,Nolimit City,
23.09.2024,Moses,"0,40€","180,16 €","450,4",Mental,Nolimit City,
05.11.2024,Moses,"0,20€","172,68 €","863,4",Mental,Nolimit City,
28.07.2024,Planki,"0,20€","103,04 €","515,2",Mental,Nolimit City,nolimitcity.com/replay/zohugahaponiraheyakumudesuyukabarotomudeiginerida
24.08.2025,Planki,"0,40€","694,00 €",1735,Mayan Stackways,Hacksaw Gaming, https://dhh68l6ktxf70.cloudfront.net/replay-manager/?roundid=12007082884657&partner=2942&language=de-de&channel=desktop,assets/img/maya.avif
10.12.2024,Moses,"0,60€","426,35 €","710,6",Mayan Stackways,Hacksaw Gaming,
25.10.2024,Moses,"0,10€","168,00 €","1680,0",Mayan Stackways,Hacksaw Gaming,
24.08.2025,Planki,"0,20€","302,20 €",1511,Madame Destiny,Pragmatic Play, https://www.pplink.social/4hUmsJhFz5,assets/img/mdm.avif
12.12.2024,Robin,"0,06€","192,82 €","3213,7",Mac & Cheese,Massive Studios,
09.05.2024,Moses,"0,20€","143,82 €","719,1",Lord of the Dunes,Octoplay,
28.03.2025,Moses,"0,40€","120,96 €","302,4",Life and Death,Hacksaw Gaming,
18.03.2024,Robin,"0,80€","149,78 €","187,2",Leprechaun's Vault,Play'n GO,
24.12.2023,Planki,"0,80€","497,40 €","621,8",Legion X,Nolimit City,https://nolimitcity.com/replay/ukibamuzusagisopubaradamupurutugebohonepazigamerinihuradu?device=desktop&language=de,assets/img/lgx.avif
10.12.2024,Moses,"0,12€","197,68 €","1647,3",Legion X,Nolimit City,
18.03.2024,Robin,"0,20€","118,08 €","590,4",Legion X,Nolimit City,
30.09.2024,Planki,"0,50€","178,50 €","357,0",Legacy of Dead,Play'n GO,
29.08.2025,Domi,"1,20€","698,88 €","582,4",Le Zeus,Hacksaw Gaming,
10.09.2025,Domi,"1,50€","467,76 €","311,8",Le Zeus,Hacksaw Gaming,
14.09.2025,Domi,"0,80€","306,80€","383,5",Le Zeus,Hacksaw Gaming,
08.09.2025,Moses,"0,40€","288,08 €","720,2",Le Zeus,Hacksaw Gaming,
11.09.2025,Moses,"0,60€","283,80 €","473,0",Le Zeus,Hacksaw Gaming,
04.09.2025,Alex,"0,60€","178,62 €","297,7",Le Zeus,Hacksaw Gaming,
11.09.2025,Moses,"0,40€","149,35 €","373,4",Le Zeus,Hacksaw Gaming,
29.08.2025,Domi,"1,20€","127,40 €","106,2",Le Zeus,Hacksaw Gaming,
08.09.2025,Moses,"1,00€","146,00 €","146,0",Le Viking,Hacksaw Gaming,
29.08.2025,Domi,"0,60€","130,20 €","217,0",Le Viking,Hacksaw Gaming,
06.11.2024,Moses,"0,20€","472,00 €","2360,0",Le Pharaoh,Hacksaw Gaming,
08.12.2024,Moses,"0,80€","264,80 €","331,0",Le Pharaoh,Hacksaw Gaming,
12.09.2025,Domi,"1,20€","179,16 €","149,3",Le Pharaoh,Hacksaw Gaming,
29.08.2025,Domi,"0,80€","160,48 €","200,6",Le Pharaoh,Hacksaw Gaming,
19.04.2025,Moses,"2,00€","128,00 €","64,0",Le Pharaoh,Hacksaw Gaming,
29.08.2025,Domi,"0,20€","270,96 €","1354,8",Le King,Hacksaw Gaming,
31.08.2025,Domi,"0,10€","226,93 €","2269,3",Le King,Hacksaw Gaming,
29.08.2025,Domi,"1,20€","192,60 €","160,5",Le King,Hacksaw Gaming,
26.04.2025,Moses,"0,40€","179,28 €","448,2",Le Bendit,Hacksaw Gaming,
12.03.2025,Moses,"0,20€","2.045,80 €","10229,0",Le Bandit,Hacksaw Gaming,
22.06.2024,Robin,"1,60€","1.004,80 €","628,0",Le Bandit,Hacksaw Gaming,https://replay.hacksawgaming.com/?roundid=20302283066&partner=745&language=de-de&channel=desktop,assets/img/lb.avif
10.03.2024,Planki,"0,10€","894,27 €","8942,7",Le Bandit,Hacksaw Gaming,https://www.youtube.com/watch?v=N1YwYoToZ8w,assets/img/lb.avif
19.04.2025,Moses,"1,00€","536,45 €","536,5",Le Bandit,Hacksaw Gaming,
11.07.2025,Planki,"0,40€","490,76 €","1226,9",Le Bandit,Hacksaw Gaming,https://replay.hacksawgaming.com/?roundid=12006344769420&partner=2942&language=de-de&channel=desktop,assets/img/lb.avif
03.09.2024,Moses,"0,20€","368,40 €","1842,0",Le Bandit,Hacksaw Gaming,
19.04.2025,Moses,"1,00€","367,20 €","367,2",Le Bandit,Hacksaw Gaming,
22.08.2025,Domi,"0,40€","366,60 €","916,5",Le Bandit,Hacksaw Gaming,
05.11.2024,Moses,"0,40€","343,80 €","859,5",Le Bandit,Hacksaw Gaming,
28.08.2025,Domi,"0,10€","340,44 €","3404,4",Le Bandit,Hacksaw Gaming,
11.09.2025,Moses,"1,00€","339,70 €","339,7",Le Bandit,Hacksaw Gaming,
14.08.2024,Planki,"0,10€","334,38 €","3343,8",Le Bandit,Hacksaw Gaming,https://replay.hacksawgaming.com/?roundid=12000989870075&partner=2942&language=de,assets/img/lb.avif
13.04.2025,Moses,"0,40€","314,54 €","786,4",Le Bandit,Hacksaw Gaming,
18.08.2025,Domi,"0,10€","233,05 €","2330,5",Le Bandit,Hacksaw Gaming,
13.04.2025,Moses,"0,40€","220,08 €","550,2",Le Bandit,Hacksaw Gaming,
13.04.2025,Moses,"1,80€","217,80 €","121,0",Le Bandit,Hacksaw Gaming,
28.03.2025,Robin,"0,40€","208,24 €","520,6",Le Bandit,Hacksaw Gaming,https://replay.hacksawgaming.com/?roundid=18409422584&partner=745&language=de-de&channel=desktop,assets/img/lb.avif
18.08.2025,Domi,"0,10€","170,41 €","1704,1",Le Bandit,Hacksaw Gaming,
08.12.2024,Moses,"0,60€","170,38 €","284,0",Le Bandit,Hacksaw Gaming,
10.12.2024,Moses,"1,00€","150,10 €","150,1",Le Bandit,Hacksaw Gaming,
10.12.2024,Moses,"1,00€","140,70 €","140,7",Le Bandit,Hacksaw Gaming,
13.04.2025,Moses,"0,40€","130,98 €","327,5",Le Bandit,Hacksaw Gaming,
29.08.2025,Domi,"1,00€","126,60 €","126,6",Le Bandit,Hacksaw Gaming,
19.04.2025,Moses,"0,60€","120,72 €","201,2",Le Bandit,Hacksaw Gaming,
13.04.2025,Moses,"0,40€","114,72 €","286,8",Le Bandit,Hacksaw Gaming,
16.03.2025,Moses,"0,60€","112,12 €","186,9",Le Bandit,Hacksaw Gaming,
23.09.2024,Moses,"0,40€","107,96 €","269,9",King Carrot,Hacksaw Gaming,
02.09.2024,Robin,"0,20€","943,74 €","4718,7",Kenneth Must Die,Nolimit City,https://nolimitcity.com/replay/zohugahaponiraheyakumudetakepinihehidurutimamoyugu?device=desktop&language=de,assets/img/kmd.avif
08.12.2024,Moses,"0,04€","560,85 €","14021,3",Kenneth Must Die,Nolimit City,
10.12.2024,Moses,"0,04€","546,40 €","13660,0",Kenneth Must Die,Nolimit City,
04.11.2024,Moses,"0,20€","350,00 €","1750,0",Kenneth Must Die,Nolimit City,
13.04.2025,Moses,"0,20€","329,02 €","1645,1",Kenneth Must Die,Nolimit City,
10.12.2024,Moses,"0,04€","242,06 €","6051,5",Kenneth Must Die,Nolimit City,
02.09.2024,Robin,"0,20€","207,35 €","1036,8",Kenneth Must Die,Nolimit City,
27.03.2025,Moses,"0,04€","184,93 €","4623,3",Kenneth Must Die,Nolimit City,
02.10.2024,Robin,"0,20€","160,52 €","802,6",Kenneth Must Die,Nolimit City,
02.10.2024,Robin,"0,20€","160,52 €","802,6",Kenneth Must Die,Nolimit City,https://nolimitcity.com/replay/zohugahaponiraheyakumuduyugobahoosemupinidehizika?device=desktop&language=en&replayId=zohugahaponiraheyakumuduyugobahoosemupinidehizika,assets/img/kmd.avif
08.09.2024,Jonas,"0,20€","96,62 €","483,1",Kenneth Must Die,Nolimit City,
02.08.2024,Jonas,"0,20€","144,00 €","720,0",Katmandu X,Elk Studios,
08.09.2025,Moses,"2,00€","107,20 €","53,6",Immortal Desire,Hacksaw Gaming,
01.08.2024,Robin,"0,10€","281,33 €","2813,3",Hyde and Seek,Massive Studios,
28.08.2023,Robin,"0,20€","111,11 €","555,6",Honey Rush,Play'n GO,
15.03.2025,Moses,"0,06€","1.620,39 €","27006,5",Home of the Brave,Nolimit City,
11.09.2025,Moses,"0,10€","123,65 €","1236,5",Home of the Brave,Nolimit City,
13.04.2025,Moses,"1,60€","126,43 €","79,0",Hand of Anubis,Hacksaw Gaming,
08.09.2025,Moses,"0,80€","1.259,52 €","1574,4",Halls of Odin,Hacksaw Gaming,
11.03.2024,Fabi,"0,20€","153,06 €","765,3",Gritty Kitty of Nitropolis,Elk Studios,
12.03.2024,Robin,"0,20€","138,04 €","690,2",Gritty Kitty of Nitropolis,Elk Studios,
07.12.2024,Moses,"0,40€","551,40 €","1378,5",Gladiator Legends,Hacksaw Gaming,
08.12.2024,Moses,"1,40€","870,94 €","622,1",Get the Cheese!,Hacksaw Gaming,
11.09.2025,Moses,"6,00€","1.998,00 €","333,0",Gems Bonanza,Pragmatic Play,
01.01.2024,Robin,"0,40€","820,36 €","2050,9",Gems Bonanza,Pragmatic Play,https://replay.pragmaticplay.net/o1fa8HESfr,assets/img/gems.avif
07.06.2023,Jonas,"0,60€","400,00 €","666,7",Gems Bonanza,Pragmatic Play,
10.12.2023,Eltschgo,"0,40€","389,90 €","974,8",Gems Bonanza,Pragmatic Play,https://global.cdn4cloud.net/PBrM6X7bLK,assets/img/gems.avif
19.03.2025,Moses,"1,00€","120,30 €","120,3",Gems Bonanza,Pragmatic Play,
24.12.2023,Robin,"0,40€","111,16 €","277,9",Gems Bonanza,Pragmatic Play,https://replay.pragmaticplay.net/w8PVsCfP5L,assets/img/gems.avif
10.12.2023,Robin,"0,40€","109,42 €","273,6",Gems Bonanza,Pragmatic Play,https://replay.pragmaticplay.net/9CdlfF7MHI,assets/img/gems.avif
18.03.2024,Robin,"0,20€","106,18 €","530,9",Gems Bonanza,Pragmatic Play,https://replay.pragmaticplay.net/zTwR9qZfcS,assets/img/gems.avif
03.09.2024,Alex,"0,20€","87,71 €","438,6",Gems Bonanza,Pragmatic Play,https://fkivsk.hrqhregkxq.net/xWF9W3SKaa,assets/img/gems.avif
24.08.2025,Planki,"0,20€","299,11 €","1495,55",Gator Ways,Nolimit City,https://nolimitcity.com/replay/zohugahaponiraheyakumuhabokidapabipotogutirahenira?device=desktop&language=de,assets/img/gator.avif
04.09.2025,Alex,"0,60€","558,96 €","931,6",Gator Hunters,Nolimit City, https://nolimitcity.com/replay/zohugahaponiraheyakumuharutonayasegepinahoyogihoyu?device=desktop&lan,assets/img/gator.avif
11.09.2025,Moses,"0,20€","700,55 €","3502,8",Gator Hunter,Nolimit City,
19.04.2025,Moses,"0,20€","138,06 €","690,3",Gates of Olympus 1000: Super Scatter,Pragmatic Play,
07.12.2024,Moses,"6,00€","1.214,70 €","202,45",Gates of Olympus 1000 X-Mas,Pragmatic Play,
22.06.2024,Robin,"5,00€","2.139,50 €","427,9",Gates of Olympus 1000 ,Pragmatic Play,
12.09.2025,Domi,"1,50€","111,24 €","74,2",Gates of Olympus 1000 ,Pragmatic Play,
21.06.2025,Robin,"6,00€","1.807,20 €","301,2",Gates of Olympus 1000,Pragmatic Play,https://www.pplink.social/owqIlBoBUb,assets/img/gates1000.avif
03.09.2025,Robin,"1,80€","858,06€","476,7",Gates of Olympus 1000,Pragmatic Play,https://www.pplink.social/f7BmVCcWbX,assets/img/gates1000.avif
21.06.2025,Robin,"20,00€","661,00€","33,05",Gates of Olympus 1000,Pragmatic Play,https://www.pplink.social/Jhqx4RVdie,assets/img/gates1000.avif
11.09.2025,Moses,"6,00€","569,40 €","94,9",Gates of Olympus 1000,pragmatic Play,
29.08.2025,Domi,"3,60€","456,84 €","126,9",Gates of Olympus 1000,Pragmatic Play,
05.09.2025,Robin,"1,80€","444,15€","246,75",Gates of Olympus 1000,Pragmatic Play,https://www.pplink.social/oIHiOCCIBr,assets/img/gates1000.avif
14.09.2025,Domi,"2,50€","435,65€","174,26",Gates of Olympus 1000,Pragmatic Play,
06.09.2024,Robin,"1,00€","318,15 €","318,2",Gates of Olympus 1000,Pragmatic Play,https://replay.hacksawgaming.com/?roundid=13561566600&partner=745&language=de,assets/img/gates1000.avif
03.09.2025,Robin,"2,00€","284,56€","142,28",Gates of Olympus 1000,Pragmatic Play,https://www.pplink.social/f7BmVCcWbX,assets/img/gates1000.avif
22.08.2025,Domi,"1,20€","239,58 €","199,65",Gates of Olympus 1000,Pragmatic Play,
29.08.2025,Domi,"0,80€","234,60 €","293,3",Gates of Olympus 1000,Pragmatic Play,
07.09.2024,Planki,"0,20€","225,50 €","902,0",Gates of Olympus 1000,Pragmatic Play,https://fkivsk.hrqhregkxq.net/M1DnTLnI1v,assets/img/gates1000.avif
19.04.2025,Moses,"3,60€","216,00 €","60,0",Gates of Olympus 1000,Pragmatic Play,
11.09.2025,Moses,"3,20€","124,00 €","38,8",Gates of Olympus 1000,Pragmatic Play,
19.07.2024,Robin,"2,00€","1.244,80 €","622,4",Gates of Olympus,Pragmatic Play,https://fkivsk.hrqhregkxq.net/lc8pkgtPWA,assets/img/gates.avif
22.06.2025,Robin,"10,00€","1.145,00€","114,5",Gates of Olympus,Pragmatic Play,https://www.pplink.social/XtkVMlLrWg,assets/img/gates.avif
25.10.2024,Planki,"1,25€","1.057,70 €","846,2",Gates of Olympus,Pragmatic Play,https://vkptrg.yjmelqvefm.net/1QEeMCV7k4,assets/img/gates.avif
21.06.2025,Robin,"10,00€","811,00€","81,1",Gates of Olympus,Pragmatic Play,https://www.pplink.social/Amco5wLoGo,assets/img/gates.avif
16.07.2024,Robin,"0,20€","516,85 €","2584,3",Gates of Olympus,Pragmatic Play,
05.08.2024,Robin,"2,00€","431,90€","215,95",Gates of Olympus,Pragmatic Play,https://www.pplink.social/RTBfG2MsM8,assets/img/gates.avif
21.07.2024,Robin,"0,20€","246,11€","1230,55",Gates of Olympus,Pragmatic Play,https://www.pplink.social/li5UkF9zjh,assets/img/gates.avif
05.01.2024,Jakob,"0,20€","241,91 €","1209,6",Gates of Olympus,Pragmatic Play,
05.08.2024,Robin,"2,00€","112,80€","56,4",Gates of Olympus,Pragmatic Play,https://www.pplink.social/V0jxAM4XLa,assets/img/gates.avif
22.06.2024,Robin,"10,00€","5.476,00 €","547,6",Gates of Heaven,Pragmatic Play,https://www.pplink.social/kxlWp1wfxs,assets/img/goh.avif
05.09.2025,Robin,"3,20€","314,88€","98,4",Gates of Heaven,Pragmatic Play,https://www.pplink.social/xI66hl9jQG,assets/img/goh.avif
03.01.2024,Robin,"0,80€","243,04 €","303,8",Gates of Heaven,Pragmatic Play,https://replay.pragmaticplay.net/MvB0vr9veN,assets/img/goh.avif
18.08.2025,Domi,"0,40€","200,22 €","500,6",Gates of Heaven,Pragmatic Play,
04.09.2025,Robin,"1,00€","146,10€","146,1",Gates of Heaven,Pragmatic Play,https://www.pplink.social/4f1bmSkElz,assets/img/goh.avif
04.09.2025,Robin,"1,00€","141,30€","141,3",Gates of Heaven,Pragmatic Play,https://www.pplink.social/oqUl93bpzE,assets/img/goh.avif
03.09.2025,Robin,"1,00€","130,40€","130,4",Gates of Heaven,Pragmatic Play,https://www.pplink.social/Rr9P5GXe2h,assets/img/goh.avif
03.01.2024,Robin,"0,20€","104,39 €","522,0",Gates of Heaven,Pragmatic Play,https://replay.pragmaticplay.net/MjdoLI6MPU,assets/img/goh.avif
04.12.2023,Robin,"0,20€","158,33 €","791,7",Gargatoonz,Play'n GO,
08.12.2024,Moses,"1,60€","210,96 €","131,9",Freeze Time,Pragmatic Play,
08.12.2024,Moses,"0,20€","721,84 €","3609,2",Folsom Prison,Nolimit City,
08.12.2024,Moses,"0,20€","601,62 €","3008,1",Folsom Prison,Nolimit City,
08.12.2024,Moses,"0,20€","219,94 €","1099,7",Folsom Prison,Nolimit City,
10.12.2024,Moses,"0,06€","157,28 €","2621,3",Folsom Prison,Nolimit City,
08.12.2024,Moses,"0,20€","148,56 €","742,8",Folsom Prison,Nolimit City,
08.12.2024,Moses,"0,20€","129,04 €","645,2",Folsom Prison,Nolimit City,
08.12.2024,Moses,"0,20€","128,84 €","644,2",Folsom Prison,Nolimit City,
08.12.2024,Moses,"0,20€","128,66 €","643,3",Folsom Prison,Nolimit City,
08.12.2024,Moses,"0,20€","115,08 €","575,4",Folsom Prison,Nolimit City,
08.12.2024,Moses,"0,60€","735,60 €","1226,0",Fist of Destruction ,Hacksaw Gaming,
19.04.2025,Moses,"1,00€","348,78 €","348,8",Fist of Destruction ,Hacksaw Gaming,
13.04.2025,Moses,"1,40€","299,46 €","213,9",Fist of Destruction ,Hacksaw Gaming,
04.11.2024,Moses,"0,60€","112,50 €","187,5",Fist of Destruction ,Hacksaw Gaming,
02.09.2024,Moses,"0,20€","112,00 €","560,0",Fist of Destruction ,Hacksaw Gaming,
11.09.2025,Moses,"1,50€","181,32 €","120,9",Fire Stampede 2,Pragmatic Play,
11.09.2025,Moses,"1,50€","115,34 €","76,9",Fire Stampede 2,Pragmatic Play,
08.09.2025,Moses,"1,00€","115,96 €","100,0",Fire Stampede,Pragmatic Play,
14.09.2025,Planki,"0,20€","237,50 €",1187,Fire Portals,Pragmatic Play,https://www.pplink.social/AimjzE42wm,assets/img/firep.avif
19.04.2025,Moses,"1,80€","114,21 €","63,5",Fire Portals,Pragmatic Play,
04.11.2024,Moses,"0,20€","3.290,36 €","16451,8",Fire In The Hole 2 ,Nolimit City,https://nolimitcity.com/replay/zohugahaponiraheyakumudubihuduutunomekiyokawazea?device=desktop&langu,assets/img/fith2.avif
10.12.2024,Moses,"0,04€","546,16 €","13654,0",Fire in The Hole 2 ,Nolimit City,
05.02.2025,Robin,"0,02€","326,56 €",16328,Fire in The Hole 2 ,Nolimit City,
12.12.2024,Robin,"0,04€","287,92 €","7198,0",Fire in The Hole 2 ,Nolimit City,
10.12.2024,Moses,"0,06€","237,04 €","3959,0",Fire in The Hole 2 ,Nolimit City,
13.04.2025,Moses,"0,10€","174,91 €","1749,1",Fire in the Hole 2 ,Nolimit City,
10.12.2024,Moses,"0,04€","158,00 €","3950,0",Fire in The Hole 2 ,Nolimit City,
07.12.2024,Moses,"0,02€","131,48 €","6574,0",Fire in the Hole 2 ,Nolimit City,
30.03.2025,Moses,"0,06€","120,30 €","2005,0",Fire in the Hole 2 ,Nolimit City,
20.11.2024,Moses,"0,20€","103,22 €","516,1",Fire in The Hole 2 ,Nolimit City,
02.10.2024,Robin,"0,20€","100,40 €","502,0",Fire in the Hole 2 ,Nolimit City,https://nolimitcity.com/replay/zohugahaponiraheyakumuduyugokumeidepaadusipomiza?device=desktop&language=en&replayId=zohugahaponiraheyakumuduyugokumeidepaadusipomiza,assets/img/fith2.avif
02.10.2024,Robin,"0,20€","100,40 €","502,0",Fire In The Hole  ,Nolimit City,
19.04.2025,Moses,"1,40€","835,38 €","596,7",Fighter Pit,Hacksaw Gaming,
05.03.2025,Moses,"0,40€","128,34 €","320,85",Fear of the Dark,Hacksaw Gaming,
14.03.2025,Moses,"0,40€","143,04 €","357,6",Eye of the Panda,Hacksaw Gaming,
13.07.2024,Robin,"0,20€","533,06 €","2665,3",Evil Goblins xBombs,Nolimit City,
16.04.2025,Moses,"5,00€","1.370,00 €","274,0",Duel at Dawn,Hacksaw Gaming,
13.04.2025,Moses,"2,00€","1.369,00 €","684,5",Duel at Dawn,Hacksaw Gaming,
13.04.2025,Moses,"4,00€","1.184,00 €","296,0",Duel at Dawn,Hacksaw Gaming,
14.03.2025,Moses,"0,60€","549,90 €","916,5",Duel at Dawn,Hacksaw Gaming,
08.04.2025,Robin,"0,40€","307,20 €","768,0",Duel at Dawn,Hacksaw Gaming,
13.04.2025,Moses,"0,60€","207,24 €","345,4",Duel at Dawn,Hacksaw Gaming,
08.12.2024,Moses,"2,00€","206,17 €","103,1",Duel at Dawn,Hacksaw Gaming,
10.12.2024,Moses,"2,00€","200,80 €","100,4",Duel at Dawn,Hacksaw Gaming,
10.12.2024,Moses,"1,00€","105,90 €","105,9",Duel at Dawn,Hacksaw Gaming,
10.08.2025,Alex,"0,20€","461,16 €","2456,0",Duck Hunters,Nolimit City,https://nolimitcity.com/replay/zohugahaponiraheyakumuhikupupukinugipihesiyubareyu?device=desktop&language=en,assets/img/duckh.avif
08.09.2025,Moses,"1,60€","207,52 €","129,7",Duck Hunters,Nolimit City,
14.03.2025,Moses,"0,07€","161,66 €","2309,4",Duck Hunters,Nolimit City,
13.04.2025,Moses,"0,80€","1.280,00 €","1600,0",Drop' em,Hacksaw Gaming,
19.04.2025,Moses,"2,00€","330,40 €","165,2",Drop' em,Hacksaw Gaming,
19.04.2025,Moses,"2,00€","319,60 €","159,8",Drop' em,Hacksaw Gaming,
17.09.2024,Jonas,"0,10€","134,60 €","1346,0",Drop' em,Hacksaw Gaming,
17.11.2024,Moses,"0,40€","706,14 €","1765,4",Drop Em,Hacksaw Gaming,
"10,12,2024",Moses,"0,60€","320,00 €","533,3",Drop Em,Hacksaw Gaming,
10.12.2024,Moses,"0,60€","200,00 €","333,3",Drop Em,Hacksaw Gaming,
11.09.2025,Moses,"0,30€","371,58 €","1238,6",Dracs Stacks,Massive Studios,
11.09.2025,Moses,"0,80€","256,48 €","320,6",Dracs Stacks,Massive Studios,
11.09.2025,Moses,"0,60€","231,48 €","385,8",Dracs Stacks,Massive Studios,
11.09.2025,Moses,"0,80€","135,68 €","169,6",Dracs Stacks,Massive Studios,
11.09.2025,Moses,"0,30€","135,03 €","450,1",Dracs Stacks,Massive Studios,
11.09.2025,Moses,"0,20€","132,80 €","664,0",Dracs Stacks,Massive Studios,
07.12.2024,Moses,"0,80€","491,32 €","614,2",Double Rainbow,Hacksaw Gaming,
16.03.2025,Moses,"0,60€","260,89 €","434,8",Double Rainbow,Hacksaw Gaming,
20.11.2024,Moses,"0,40€","201,86 €","504,65",Double Rainbow,Hacksaw Gaming,
19.04.2025,Moses,"0,60€","166,80 €","278,0",Double Rainbow,Hacksaw Gaming,
17.11.2024,Moses,"0,40€","137,62 €","344,1",Double Rainbow,Hacksaw Gaming,
07.12.2024,Moses,"0,80€","112,48 €","140,6",Double Rainbow,Hacksaw Gaming,
19.04.2025,Moses,"1,60€","1.341,76 €","838,6",Dork Unit,Hacksaw Gaming,
27.03.2025,Moses,"0,40€","569,72 €","1424,3",Dork Unit,Hacksaw Gaming,
16.04.2025,Moses,"5,00€","561,20 €","112,2",Dork Unit,Hacksaw Gaming,
08.12.2024,Moses,"1,20€","415,20 €","346,0",Dork Unit,Hacksaw Gaming,
10.12.2024,Moses,"1,00€","382,10 €","382,1",Dork Unit,Hacksaw Gaming,
04.11.2024,Moses,"0,20€","284,24 €","1421,2",Dork Unit,Hacksaw Gaming,
10.09.2024,Planki,"0,10€","210,09 €","2100,9",Dork Unit,Hacksaw Gaming,https://replay.hacksawgaming.com/?roundid=12001313735307&partner=2942&language=de,assets/img/dorku.avif
06.09.2024,Planki,"0,20€","169,98 €","849,9",Dork Unit,Hacksaw Gaming,https://replay.hacksawgaming.com/?roundid=12001258509861&partner=2942&language=de,assets/img/dorku.avif
05.02.2025,Moses,"0,20€","147,34 €","736,7",Dork Unit,Hacksaw Gaming,
13.04.2025,Moses,"1,80€","140,22 €","77,9",Dork Unit,Hacksaw Gaming,
17.09.2024,Robin,"0,20€","137,14 €","685,7",Dork Unit,Hacksaw Gaming,https://replay.hacksawgaming.com/?roundid=4005726781046&partner=1365&language=en,assets/img/dorku.avif
08.12.2024,Moses,"1,00€","128,00 €","128,0",Dork Unit,Hacksaw Gaming,
02.10.2024,Robin,"0,20€","124,20 €","621,0",Dork Unit,Hacksaw Gaming,https://replay.hacksawgaming.com/?roundid=4005959807042&partner=1365&language=en&channel=desktop,assets/img/dorku.avif
03.10.2024,Alex,"0,20€","109,24 €","546,2",Dork Unit,Hacksaw Gaming,
02.10.2024,Moses,"0,40€","107,47 €","268,7",Dork Unit,Hacksaw Gaming,
19.04.2025,Moses,"1,20€","204,80 €","170,7",Donut Division,Hacksaw Gaming,
13.04.2025,Moses,"1,20€","187,60 €","156,3",Donut Division,Hacksaw Gaming,
19.04.2025,Moses,"1,00€","593,00 €","593,0",Donny Dough,Hacksaw Gaming,
06.11.2024,Moses,"0,80€","232,80 €","291,0",Donny Dough,Hacksaw Gaming,
12.03.2025,Moses,"0,20€","121,48 €","607,4",Donny Dough,Hacksaw Gaming,
06.11.2024,Moses,"0,20€","312,40 €","1562,0",Densho,Hacksaw Gaming,
08.12.2024,Moses,"0,40€","303,12 €","757,8",Densho,Hacksaw Gaming,
03.06.2024,Robin,"0,20€","102,70 €","513,5",Densho,Hacksaw Gaming,
15.11.2024,Planki,"0,20€","102,40 €","512,0",Deadwood R.I.P.,Nolimit City,
02.09.2024,Moses,"0,20€","104,10 €","520,5",Dawn of Kings,Hacksaw Gaming,
04.11.2024,Moses,"0,20€","152,50 €","762,5",Das X Boot,Nolimit City,
05.03.2025,Moses,"0,40€","104,78 €","262,0",Cygnus 5,Elk Studios,
13.04.2025,Moses,"1,00€","193,70 €","193,7",Cubes 2,Hacksaw Gaming,
12.03.2025,Moses,"1,00€","157,00 €","157,0",Clash of Fang,Octoplay,
05.09.2024,Moses,"0,20€","135,14 €","675,7",Clash of Fang,Twist Gaming,
11.09.2025,Moses,"2,00€","284,00 €","142,0",Chaos Crew 3,Hacksaw Gaming,
13.09.2025,Moses,"0,60€","159,60 €","266,0",Chaos Crew 3,Hacksaw Gaming,
01.12.2024,Moses,"1,00€","2.908,20 €","2908,2",Chaos Crew 2,Hacksaw Gaming,
18.11.2024,Moses,"4,00€","1.840,00 €","460,0",Chaos Crew 2,Hacksaw Gaming,
13.03.2025,Moses,"0,60€","656,18 €","1093,6",Chaos Crew 2,Hacksaw Gaming,
16.04.2025,Moses,"5,00€","420,00 €","84,0",Chaos Crew 2,Hacksaw Gaming,
13.04.2025,Moses,"1,00€","200,00 €","200,0",Chaos Crew 2,Hacksaw Gaming,
14.03.2025,Moses,"2,00€","118,00 €","59,0",Chaos Crew 2,Hacksaw Gaming,
13.04.2025,Moses,"1,00€","109,00 €","109,0",Chaos Crew 2,Hacksaw Gaming,
04.11.2024,Moses,"0,60€","104,40 €","174,0",Chaos Crew 2,Hacksaw Gaming,
13.04.2025,Moses,"2,00€","474,00 €","237,0",Chaos Crew,Hacksaw Gaming,
18.11.2024,Moses,"0,40€","353,20 €","883,0",Cash Crew,Hacksaw Gaming,
12.09.2025,Moses,"0,60€","250,46 €","417,4",Cash Crew,Hacksaw Gaming,
24.08.2025,Planki,"0,10€","107,82 €","1078,2",Bullets and Bounty,Hacksaw Gaming,https://dhh68l6ktxf70.cloudfront.net/replay-manager/?roundid=12007082469967&partner=2942&language=de-de&channel=desktop,assets/img/bab.avif
25.03.2024,Robin,"0,20€","117,96 €","589,8",Buffalo Toro,Elk Studios,
01.06.2024,Planki,"0,20€","522,60 €","2613,0",Buffalo King Megaways,Pragmatic Play,https://global.cdn4cloud.net/nK84SWx5xx,assets/img/bkm.avif
13.05.2025,Moses,"0,10€","430,53 €","4305,3",Brute Force ,Nolimit City,
08.12.2024,Moses,"0,16€","269,42 €","1683,9",Brute Force ,Nolimit City,
06.11.2024,Moses,"0,20€","139,16 €","695,8",Brute Force ,Nolimit City,
14.03.2025,Moses,"0,20€","484,50 €","2422,5",Brainwashed,Shady Lady,
04.11.2024,Moses,"0,40€","463,60 €","1159,0",Brains for Breakfast,Twist Gaming,
07.09.2024,Planki,"0,10€","233,30 €","2333,0",Bouncy Bombs,Hacksaw Gaming,https://replay.hacksawgaming.com/?roundid=12001268786484&partner=2942&language=de,assets/img/bbmbs.avif
01.10.2024,Moses,"0,40€","2.029,20 €","5073,0",Book of Time,Hacksaw Gaming, 
02.10.2024,Robin,"0,20€","373,04 €","1865,2",Book of Time,Hacksaw Gaming,https://replay.hacksawgaming.com/?roundid=4005958952464&partner=1365&language=en&channel=desktop,assets/img/bot.avif
02.10.2024,Moses,"0,40€","194,44 €","486,1",Book of Time,Hacksaw Gaming,
03.11.2024,Planki,"0,20€","136,42 €","682,1",Book of Time,Hacksaw Gaming,
05.11.2024,Moses,"0,60€","383,40 €","639,0",Book of Shadows,Nolimit City,
27.12.2023,Planki,"0,40€","201,12 €","502,8",Book of Shadows,Nolimit City,https://nolimitcity.com/replay/ukibamuzusagisopubaradamupurutugoanidesihekabusiaegasi?device=desktop&language=de,assets/img/bos.avif
15.07.2024,Robin,"0,50€","160,00 €","320,0",Book of Ra 6,Novoline,
30.01.2025,Jonas,"0,20€","150,05 €","750,3",Book of Golden Sands,Pragmatic Play,
28.07.2023,Leks,"1,00€","1.401,50 €","1401,5",Book of Dead,Play'n GO,
26.01.2024,Planki,"0,50€","301,25 €","602,5",Book of Dead,Play'n GO,
02.09.2024,Moses,"0,20€","677,28 €","3386,4",Bonsai Banzai,Massive Studios,
05.09.2024,Moses,"0,20€","573,84 €","2869,2",Bonsai Banzai,Massive Studios,
23.09.2024,Moses,"0,40€","120,16 €","300,4",Bonsai Banzai,Massive Studios,
24.12.2024,Robin,"0,06€","113,05 €","1884,2",Bonsai Banzai,Massive Studios,
24.08.2025,Planki,"0,10€","263,00 €",2630,Bloodthirst,Hacksaw Gaming,https://dhh68l6ktxf70.cloudfront.net/replay-manager/?roundid=12007082188865&partner=2942&language=de-de&channel=desktop,assets/img/bloodt.avif
26.12.2024,Moses,"0,20€","781,56 €","3907,8",Blood Shadow 2,Nolimit City,
19.04.2025,Moses,"0,60€","9.393,75 €","15656,3",Blood & Shadows 2,Nolimit City,
19.04.2025,Moses,"0,60€","114,87 €","191,5",Blood & Shadows 2,Nolimit City,
03.11.2024,Planki,"0,70€","293,37 €","419,1",Big Bass Bonanza Halloween,Reel Kingdom,https://vkptrg.yjmelqvefm.net/Ui4MJ7j9z2,assets/img/bbbh.avif
01.11.2024,Planki,"0,10€","131,50 €","1325,0",Big Bass Bonanza Halloween,Reel Kingdom,https://vkptrg.yjmelqvefm.net/ujiucgvFqJ,assets/img/bbbh.avif
10.12.2023,Moses,"2,00€","353,00 €","176,5",Big Bass Bonanza Christmas,Pragmatic Play,
10.12.2024,Moses,"0,20€","838,00 €","4190,0",Big Bamboo,Push Gaming,
08.12.2024,Moses,"0,50€","631,60 €","1263,2",Big Bamboo,Push Gaming,
16.03.2025,Moses,"0,10€","205,39 €","2053,9",Big Bamboo,Push Gaming,
14.03.2025,Moses,"0,20€","194,23 €","971,2",Big Bamboo,Push Gaming,
04.11.2024,Moses,"0,10€","173,92 €","1739,2",Big Bamboo,Push Gaming,
13.04.2025,Moses,"1,20€","4.022,76 €","3352,3",Benny The Beer,Hacksaw Gaming,https://www.youtube.com/watch?v=D0Ubo1vsqw4,assets/img/btb.avif
04.11.2024,Moses,"0,20€","721,60 €","3608,0",Benny the Beer,Hacksaw Gaming,
18.11.2024,Moses,"0,20€","180,00 €","900,0",Benny the Beer,Hacksaw Gaming,
01.03.2025,Moses,"15,00€","3.170,40 €","211,4",Beam Boys,Hacksaw Gaming,
28.02.2025,Moses,"80,00€","706,56 €","8,8",Beam Boys,Hacksaw Gaming,
17.11.2024,Moses,"0,10€","491,52 €","4915,2",Beam Boys,Hacksaw Gaming,
19.03.2025,Moses,"0,40€","438,48 €","1096,2",Beam Boys,Hacksaw Gaming,
05.11.2024,Moses,"0,60€","271,36 €","452,3",Beam Boys,Hacksaw Gaming,
18.11.2024,Moses,"0,10€","209,92 €","2099,2",Beam Boys,Hacksaw Gaming,
18.11.2024,Moses,"0,10€","204,80 €","2048,0",Beam Boys,Hacksaw Gaming,
28.02.2025,Moses,"40,00€","133,12 €","3,3",Beam Boys,Hacksaw Gaming,
18.11.2024,Moses,"0,10€","109,68 €","1096,8",Beam Boys,Hacksaw Gaming,
14.03.2025,Moses,"0,20€","103,23 €","516,2",Beam Boys,Hacksaw Gaming,
11.09.2025,Moses,"0,60€","113,40 €","189,0",Bamboo Ways,Push Gaming,
05.09.2025,Robin,"3,00€","849,30€","283,1",Angel vs Sinner Eternal Battle,Pragmatic Play,https://www.pplink.social/TKm01Ffbbs,assets/img/avs.avif
05.09.2025,Robin,"1,00€","463,00€","463,0",Angel vs Sinner Eternal Battle,Pragmatic Play,https://www.pplink.social/XlqqlEpISU,assets/img/avs.avif
05.09.2025,Robin,"2,00€","429,80€","214,9",Angel vs Sinner Eternal Battle,Pragmatic Play,https://www.pplink.social/xw7I7tUd7U,assets/img/avs.avif
05.09.2025,Robin,"1,00€","320,40€","320,4",Angel vs Sinner Eternal Battle,Pragmatic Play,https://www.pplink.social/aaVa2p4qXr,assets/img/avs.avif
05.09.2025,Robin,"1,50€","250,20€","166,8",Angel vs Sinner Eternal Battle,Pragmatic Play,https://www.pplink.social/p9lPXAdnpz,assets/img/avs.avif
05.09.2025,Robin,"1,00€","114,70€","114,7",Angel vs Sinner Eternal Battle,Pragmatic Play,https://www.pplink.social/p9lPXAdnpz,assets/img/avs.avif
17.11.2024,Moses,"0,20€","182,00 €","910,0",Alpha Eagle,Hacksaw Gaming,
04.11.2024,Moses,"0,45€","260,43 €","578,7",Aladdin's Quest,Gameart,
17.11.2024,Moses,"2,00€","585,00 €","292,5",2Wild2Die,Hacksaw Gaming,
17.11.2024,Moses,"3,00€","512,40 €","170,8",2Wild2Die,Hacksaw Gaming,
05.02.2025,Moses,"1,00€","145,00 €","145,0",24k Dragon,Play'n GO,
08.09.2025,Moses,"1,00€","218,60 €","218,6",2 Wild 2 Die ,Hacksaw Gaming,
10.12.2024,Moses,"1,00€","246,20 €","246,2",2 Wild 2 Die,Hacksaw Gaming,
08.04.2025,Robin,"2,00€","245,60 €","122,8",2 Wild 2 Die,Hacksaw Gaming,
11.05.2024,Planki,"0,20€","200,00€","1000,0",(MAXWIN) | Voodoo Magic,Pragmatic Play,https://www.youtube.com/watch?v=92BtqFkbt5M,assets/img/voodoo.avif,maxwin
10.12.2024,Moses,"0,02€","500,00€","25000,0",(MAXWIN) | Tanked,Nolimit City,
09.08.2024,Robin,"0,20€","5.000,00 €","25000,0",(MAXWIN) | Sugar Rush 1000 ,Pragmatic Play,https://fkivsk.hrqhregkxq.net/vjO0MASIh7,assets/img/sr1000.avif,maxwin
13.04.2025,Moses,"0,10€","2.500,00€","25000,0",(MAXWIN) | Sugar Rush 1000,Pragmatic Play,https://www.youtube.com/watch?v=CvLvGIyS1KA&pp=0gcJCckJAYcqIYzv,assets/img/sr1000.avif,maxwin
02.09.2024,Moses,"0,20€","2.000,00€","10000,0",(MAXWIN) | Sleepy Grandpa,Backseat Gaming,https://replay.hacksawgaming.com/?roundid=13473824378&partner=745&language=de,assets/img/sleepyG.avif,maxwin
08.12.2024,Moses,"0,06€","300,00€","5000,0",(MAXWIN) | Outsourced,Nolimit City,
10.12.2024,Moses,"0,06€","300,00€","5000,0",(MAXWIN) | Outsourced,Nolimit City,
10.12.2024,Moses,"0,05€","718,43 €","14999,0",(MAXWIN) | Loner,Nolimit City,
29.03.2025,Robin,"0,02€","600,00€","30000,0",(MAXWIN) | Duck Hunters,Nolimit City,https://nolimitcity.com/replay/zohugahaponiraheyakumuhibewatitaizuzigeyakibipuza?device=desktop&language=de,assets/img/duckh.avif,maxwin
08.12.2024,Moses,"0,04€","291,00 €","7275,0",(MAXWIN) | Bricksnake 2000,Nolimit City,